name,birthYear,actorImageUrl
가람,,
강단아,,
강연정,,
강영석,,
강은일,,
강정우,,
강지혜,,
강찬,,
강태을,,
강필석,,
강하늘,,
강혜인,,
강홍석,,
고상호,,
고영빈,,
고은성,,
고훈정,,
곽다인,,
곽선영,,
권동호,,
권성찬,,
권소정,,
권소현,,
권수현,,
권용국,,
권정수,,
권태하,,
규현,,
기세중,,
길하은,,
김건우,,
김경수,,
김경록,,
김국희,,
김규종,,
김금나,,
김다현,,
김도빈,,
김대종,,
김도형,,
김동완,,
김동준,,
김대현,,
김라온,,
김려원,,
김리,,
김리현,,
김명섭,,
김명준,,
김미랑,,
김민법,,
김민석,,
김바다,,
김바울,,
김병준,,
김법래,,
김보경,,
김사라,,
김산호,,
김서안,,
김서환,,
김선영,,
김성규,,
김성식,,
김성민,,
김성철,,
김세정,,
김소향,,
김소현,,
김수,,
김수용,,
김수연,,
김수하,,
김순택,,
김승대,,
김승락,,
김승주,,
김승후,,
김연진,,
김영주,,
김영웅,,
김우석,,
김우성,,
김우형,,
김이담,,
김이안,,
김이후,,
김재범,,
김재한,,
기미제하,,
김종구,,
김주안,,
김주연,,
김주택,,
김준수,,
김준영,,
김준현,,
김지범,,
김지온,,
김지우,,
김지철,,
김지현,,
김지훈,,
김진욱,,
김찬,,
김찬종,,
김찬호,,
김정아,,
김태오,,
김태환,,
김현진,,
김형준,,
김호영,,
김환희,,
김히어라,,
나하나,,
나현우,,
남경읍,,
남경주,,
남우현,,
노윤,,
니엘,,
도율희,,
동현,,
랑연,,
려욱,,
루나,,
류동희,,
류미나,,
류비,,
류인아,,
류정한,,
류찬열,,
류필립,,
리사,,
린지,,
린아,,
마이클 리,,
문성일,,
문진아,,
문태유,,
민영기,,
민우혁,,
바다,,
박가람,,
박강현,,
박건형,,
박경호,,
박규원,,
박란주,,
박민성,,
박상혁,,
박선영,,
박새힘,,
박세욱,,
박수야,,
박소연,,
박소현,,
박슬기,,
박시원,,
박시인,,
박시환,,
박영수,,
박유덕,,
박은태,,
박재윤,,
박정민,,
박정원,,
박정혁,,
박준면,,
박준형,,
박준휘,,
박지연,,
박한근,,
박해미,,
박혜나,,
박혜미,,
박효신,,
반정모,,
방진의,,
배나라,,
배다해,,
배두훈,,
배승민,,
백기범,,
백동현,,
백은혜,,
백인태,,
백현훈,,
변희상,,
산들,,
서경수,,
서동진,,
서범석,,
서승원,,
서영주,,
서은광,,
서예림,,
서지우,,
서채이,,
서현,,
선민,,
선우,,
선유하,,
선한국,,
설가은,,
성민재,,
성연,,
성재,,
성태준,,
소냐,,
소정화,,
손대희,,
손유동,,
손준호,,
손지수,,
솔라,,
송문선,,
송상은,,
송영미,,
송용진,,
송용태,,
송원근,,
송유택,,
송은혜,,
송창의,,
신가은,,
신성록,,
신성민,,
신성우,,
신영숙,,
신우,,
신은총,,
신은호,,
신재범,,
신주협,,
신창주,,
심수영,,
심창민,,
아이비,,
아리,,
안두호,,
안은진,,
안재영,,
안재욱,,
안지환,,
안창용,,
양승리,,
양요섭,,
양준모,,
양지원,,
양현민,,
양희준,,
엄기준,,
여원,,
여은,,
영재,,
인성,,
연정,,
오만석,,
오소연,,
오유민,,
오윤서,,
오종혁,,
옥주현,,
온유,,
위훈,,
원종한,,
원혁,,
유낙원,,
유리아,,
유소리,,
유성재,,
유승현,,
유연석,,
유주혜,,
유준상,,
유태양,,
유현석,,
윤공주,,
윤도현,,
윤소호,,
윤석원,,
윤석호,,
윤성우,,
윤영석,,
윤은오,,
윤재호,,
윤지성,,
윤형렬,,
이건명,,
이규형,,
이동수,,
이며오하,,
이민규,,
이병찬,,
이봄소리,,
이봉준,,
이산,,
이상아,,
이상이,,
이상현,,
이서영,,
이석준,,
이석훈,,
이세헌,,
이수빈,,
이승준,,
이승헌,,
이승현,,
이시강,,
이시목,,
이아름솔,,
이아진,,
이예빈,,
이예은,,
이재균,,
이재림,,
이재환,,
이정열,,
이정화,,
이종석,,
이주순,,
이주은,,
이준우,,
이지수,,
이지숙,,
이지연,,
이지혜,,
이지훈,,
이창민,,
이창섭,,
이창완,,
이충주,,
이태원,,
이하나,,
이한밀,,
이한솔,,
이한별,,
이해준,,
이형훈,,
이희정,,
이휘종,,
임강희,,
임규형,,
임별,,
임병근,,
임예진,,
임준혁,,
임진섭,,
임찬민,,
임태경,,
임태현,,
임혜영,,
장동우,,
장민제,,
장보람,,
장승조,,
장윤석,,
장은아,,
장지후,,
재윤,,
전나영,,
전동석,,
전미도,,
전민지,,
전병준,,
전성민,,
전성우,,
전수미,,
전하영,,
전혜주,,
정가희,,
정다희,,
정단비,,
정동하,,
정동화,,
정문성,,
정민,,
정선기,,
정선아,,
정성화,,
정성일,,
정세윤,,
정연,,
정영주,,
정에인,,
정우연,,
중욱진,,
정운선,,
정원영,,
정유지,,
정의욱,,
정은지,,
정인지,,
정지우,,
정재은,,
정재헌,,
정재환,,
정찬호,,
정한샘,,
정휘,,
정택운,,
제이민,,
조권,,
조모세,,
조민호,,
조성윤,,
조성태,,
조성필,,
조승우,,
조영화,,
조용휘,,
조윤영,,
조은솔,,
조정석,,
조정은,,
조준,,
조풍래,,
조하린,,
조현우,,
조형균,,
조환지,,
조훈,,
주다온,,
주민진,,
주아,,
주원,,
지창욱,,
지현준,,
지혜근,,
진선규,,
진주영,,
진진,,
진태화,,
진호,,
차지연,,
차청화,,
최대철,,
최미소,,
최민우,,
최민철,,
최병광,,
최서연,,
최수진,,
최수현,,
최석진,,
최성원,,
최연우,,
최영우,,
최우혁,,
최유하,,
최은영,,
최재림,,
최재웅,,
최정원,,
최종선,,
최지훈,,
최지혜,,
최태이,,
최하람,,
최현선,,
최현주,,
최호근,,
최호승,,
카이,,
케이,,
키,,
한보라,,
한상훈,,
한재아,,
한지상,,
함연지,,
해나,,
허민진,,
허영생,,
허혜진,,
현석준,,
효정,,
홍공호,,
홍기범,,
홍우진,,
홍나현,,
홍륜희,,
홍서영,,
홍승안,,
홍주찬,,
홍지민,,
홍지희,,
황건하,,
황민수,,
황두현,,
황순종,,
황우림,,
황정민,,
황주민,,
황한나,,
황휘,,
후이,,